{"name":"020e24c9-4647-4225-8947-97388daf4f47","id":"/providers/Microsoft.Flow/flows/020e24c9-4647-4225-8947-97388daf4f47","type":"Microsoft.Flow/flows","properties":{"apiId":"/providers/Microsoft.PowerApps/apis/shared_logicflows","displayName":"New device approval request","definition":{"metadata":{"workflowEntityId":null,"creator":{"id":"8f55ef29-a1a0-4241-8dfb-14a66a656a46","type":"User","tenantId":"2b1d857b-f65d-45db-a6ff-73622818f90f"},"provisioningMethod":"FromDefinition","failureAlertSubscription":true,"clientLastModifiedTime":"2019-11-27T21:56:50.4389626Z"},"$schema":"https://schema.management.azure.com/providers/Microsoft.Logic/schemas/2016-06-01/workflowdefinition.json#","contentVersion":"1.0.0.0","parameters":{"$connections":{"defaultValue":{},"type":"Object"},"$authentication":{"defaultValue":{},"type":"SecureObject"}},"triggers":{"When_a_record_is_created":{"metadata":{"flowSystemMetadata":{"swaggerOperationId":"SubscribeOnNewItems"}},"type":"ApiConnectionWebhook","inputs":{"host":{"connection":{"name":"@parameters('$connections')['shared_commondataservice']['connectionId']"},"api":{"runtimeUrl":"https://unitedstates-002.azure-apim.net/apim/commondataservice"}},"body":{"NotificationUrl":"@{listCallbackUrl()}"},"path":"/datasets/@{encodeURIComponent(encodeURIComponent('default.cds'))}/tables/@{encodeURIComponent(encodeURIComponent('crf4d_deviceorders'))}/onnewitemswebhook","queries":{"scope":"Organization"},"authentication":"@parameters('$authentication')"}}},"actions":{"Start_and_wait_for_an_approval":{"runAfter":{},"metadata":{"flowSystemMetadata":{"swaggerOperationId":"StartAndWaitForAnApproval"}},"type":"ApiConnectionWebhook","inputs":{"host":{"connection":{"name":"@parameters('$connections')['shared_approvals']['connectionId']"},"api":{"runtimeUrl":"https://unitedstates-002.azure-apim.net/apim/approvals"}},"body":{"notificationUrl":"@{listCallbackUrl()}","title":"New device request for @{triggerBody()?['crf4d_devicename']}","assignedTo":"@triggerBody()?['crf4d_approver']","details":"A new device has been requested\n@{triggerBody()?['crf4d_devicename']}, $@{triggerBody()?['crf4d_price']}\nDepartment Contribution $@{triggerBody()?['crf4d_departmentcontribution']}\nComments","enableNotifications":true,"enableReassignment":true},"path":"/types/@{encodeURIComponent('Basic')}/subscriptions","authentication":"@parameters('$authentication')"}},"Condition":{"actions":{"Update_a_record":{"runAfter":{},"metadata":{"flowSystemMetadata":{"swaggerOperationId":"PatchItem_V2"}},"type":"ApiConnection","inputs":{"host":{"connection":{"name":"@parameters('$connections')['shared_commondataservice']['connectionId']"},"api":{"runtimeUrl":"https://unitedstates-002.azure-apim.net/apim/commondataservice"}},"method":"patch","body":{"crf4d_approvalstatus":729660000,"_ownerid_type":""},"path":"/v2/datasets/@{encodeURIComponent(encodeURIComponent('default.cds'))}/tables/@{encodeURIComponent(encodeURIComponent('crf4d_deviceorders'))}/items/@{encodeURIComponent(encodeURIComponent(triggerBody()?['crf4d_deviceorderid']))}","authentication":"@parameters('$authentication')"}},"Send_an_email_(V2)":{"runAfter":{"Update_a_record":["Succeeded"]},"metadata":{"flowSystemMetadata":{"swaggerOperationId":"SendEmailV2"}},"type":"ApiConnection","inputs":{"host":{"connection":{"name":"@parameters('$connections')['shared_outlook']['connectionId']"},"api":{"runtimeUrl":"https://unitedstates-002.azure-apim.net/apim/outlook"}},"method":"post","body":{"To":"@{triggerBody()?['crf4d_requestedby']} ","Subject":"Your device order has been approved!","Body":"Your device has been approved <b>@{body('Update_a_record')?['crf4d_devicename']}</b></br> Estimated ship date: @{body('Update_a_record')?['crf4d_estimatedshipdate']} </br>\n@{body('Start_and_wait_for_an_approval')?['responseSummary']}"},"path":"/v2/Mail","authentication":"@parameters('$authentication')"}}},"runAfter":{"Start_and_wait_for_an_approval":["Succeeded"]},"else":{"actions":{"Update_a_record_2":{"runAfter":{},"metadata":{"flowSystemMetadata":{"swaggerOperationId":"PatchItem_V2"}},"type":"ApiConnection","inputs":{"host":{"connection":{"name":"@parameters('$connections')['shared_commondataservice']['connectionId']"},"api":{"runtimeUrl":"https://unitedstates-002.azure-apim.net/apim/commondataservice"}},"method":"patch","body":{"crf4d_approvalstatus":729660001,"_ownerid_type":""},"path":"/v2/datasets/@{encodeURIComponent(encodeURIComponent('default.cds'))}/tables/@{encodeURIComponent(encodeURIComponent('crf4d_deviceorders'))}/items/@{encodeURIComponent(encodeURIComponent(triggerBody()?['crf4d_deviceorderid']))}","authentication":"@parameters('$authentication')"}},"Send_an_email_(V2)_2":{"runAfter":{"Update_a_record_2":["Succeeded"]},"metadata":{"flowSystemMetadata":{"swaggerOperationId":"SendEmailV2"}},"type":"ApiConnection","inputs":{"host":{"connection":{"name":"@parameters('$connections')['shared_office365']['connectionId']"},"api":{"runtimeUrl":"https://unitedstates-002.azure-apim.net/apim/office365"}},"method":"post","body":{"To":"@body('Update_a_record_2')?['crf4d_requestedby']","Subject":"Your device was not approved","Body":"<p>Sorry your request for @{body('Update_a_record_2')?['crf4d_devicename']} was NOT APPROVED.<br>\n@{body('Start_and_wait_for_an_approval')?['responseSummary']}</p>"},"path":"/v2/Mail","authentication":"@parameters('$authentication')"}}}},"expression":{"equals":["@body('Start_and_wait_for_an_approval')?['outcome']","Approve"]},"type":"If"}}},"connectionReferences":{"shared_approvals":{"connectionName":"shared-approvals-20dd6ccb-0c40-40c8-ab72-2081535fdfde","source":"Embedded","id":"/providers/Microsoft.PowerApps/apis/shared_approvals","tier":"NotSpecified"},"shared_commondataservice":{"connectionName":"shared-commondataser-64abb5c9-18cf-476b-85df-cd79f51f87fb","source":"Embedded","id":"/providers/Microsoft.PowerApps/apis/shared_commondataservice","tier":"NotSpecified"},"shared_outlook":{"connectionName":"shared-outlook-06a417ce-042b-4240-87e4-2fe052de1f25","source":"Embedded","id":"/providers/Microsoft.PowerApps/apis/shared_outlook","tier":"NotSpecified"},"shared_office365":{"connectionName":"shared-office365-c897397e-c255-44a1-8e82-cc01f6e74a87","source":"Embedded","id":"/providers/Microsoft.PowerApps/apis/shared_office365","tier":"NotSpecified"}},"flowFailureAlertSubscribed":false}}