{"schemaVersion":"1.0","appDefinitionTemplate":{"id":"/providers/Microsoft.PowerApps/apps/","type":"Microsoft.PowerApps/apps","tags":{"minimumRequiredApiVersion":"2.2.0"},"properties":{"appVersion":"2019-11-27T20:00:06Z","lifeCycleId":"Published","createdByClientVersion":{"major":3,"minor":19111,"build":33,"revision":0,"majorRevision":0,"minorRevision":0},"minClientVersion":{"major":3,"minor":19111,"build":33,"revision":0,"majorRevision":0,"minorRevision":0},"backgroundColor":"rgba(0, 176, 240, 1)","backgroundImageUri":"/15557972787129133882/Nf3c69885-fcb3-43d8-947d-0cebf0f42b92-logoSmallFile","displayName":"Device Ordering App","description":"","commitMessage":"","appUris":{"documentUri":{"value":"/15557972787129133882/N9c71e9ae-7e0c-4572-8cdc-4bbe5bda3e4d-document.msapp","readonlyValue":"/15557972787129133882/N9c71e9ae-7e0c-4572-8cdc-4bbe5bda3e4d-document.msapp"},"imageUris":[]},"createdTime":"0001-01-01T00:00:00Z","lastModifiedTime":"0001-01-01T00:00:00Z","sharedGroupsCount":0,"sharedUsersCount":0,"icons":{"smallIconUri":"/15557972787129133882/N5b47552d-b1bf-4fe3-ba3f-8c29a9c948ca-small.png","mediumIconUri":"/15557972787129133882/N2759e37f-c34e-4271-abfb-f84b51954866-medium.png","largeIconUri":"/15557972787129133882/N6b777e81-9d82-487c-b05e-0512c3b60d56-large.png","wideIconUri":"/15557972787129133882/N1e2a6a77-6d43-46b3-9e19-95bc83b119c2-wide.png"},"connectionReferences":{"c3db1044-c475-4b85-b76a-ef3b6ebb411f":{"id":"f1c2f942-6ee5-469f-96be-5f1a2e062ca5","displayName":"Office 365 Users","iconUri":"https://connectoricons-prod.azureedge.net/office365users/icon_1.0.1258.1715.png","dataSources":["Office365Users"],"dependencies":[],"dependents":[],"parameterHints":{},"isOnPremiseConnection":false,"bypassConsent":false,"dataSets":{},"apiTier":"Standard","isCustomApiConnection":false}},"databaseReferences":{"default.cds":{"databaseDetails":{"referenceType":"Environmental","environmentName":"default.cds"},"dataSources":{"Device Orders":{"entitySetName":"crf4d_deviceorders","logicalName":"crf4d_deviceorder"}}}},"almMode":"Environment","performanceOptimizationEnabled":false,"canConsumeAppPass":true},"isAppComponentLibrary":false,"appComponents":[]}}