{"schemaVersion":"1.0","appDefinitionTemplate":{"id":"/providers/Microsoft.PowerApps/apps/","type":"Microsoft.PowerApps/apps","tags":{"minimumRequiredApiVersion":"2.2.0"},"properties":{"appVersion":"2019-11-27T20:00:06Z","lifeCycleId":"Published","createdByClientVersion":{"major":3,"minor":19111,"build":33,"revision":0,"majorRevision":0,"minorRevision":0},"minClientVersion":{"major":3,"minor":19111,"build":33,"revision":0,"majorRevision":0,"minorRevision":0},"backgroundColor":"rgba(0, 176, 240, 1)","backgroundImageUri":"/15557972787129133882/N9ed6199f-9c6a-4f24-b69e-166704acc0f6-logoSmallFile","displayName":"Device Ordering App","description":"","commitMessage":"","appUris":{"documentUri":{"value":"/15557972787129133882/N4d8dc06a-40e6-41d5-abc3-9db3f2011c82-document.msapp","readonlyValue":"/15557972787129133882/N4d8dc06a-40e6-41d5-abc3-9db3f2011c82-document.msapp"},"imageUris":[]},"createdTime":"0001-01-01T00:00:00Z","lastModifiedTime":"0001-01-01T00:00:00Z","sharedGroupsCount":0,"sharedUsersCount":0,"icons":{"smallIconUri":"/15557972787129133882/Nb0db5c39-5888-404e-8e41-98fd1401b8ff-small.png","mediumIconUri":"/15557972787129133882/N9b398db3-a47a-4298-b1ba-2aa370b4b6ce-medium.png","largeIconUri":"/15557972787129133882/Nc49c550a-b956-469d-be40-3683ebf73642-large.png","wideIconUri":"/15557972787129133882/Nc4792cba-7521-487d-8dce-60ea8808525c-wide.png"},"connectionReferences":{"c3db1044-c475-4b85-b76a-ef3b6ebb411f":{"id":"f1c2f942-6ee5-469f-96be-5f1a2e062ca5","displayName":"Office 365 Users","iconUri":"https://connectoricons-prod.azureedge.net/office365users/icon_1.0.1258.1715.png","dataSources":["Office365Users"],"dependencies":[],"dependents":[],"parameterHints":{},"isOnPremiseConnection":false,"bypassConsent":false,"dataSets":{},"apiTier":"Standard","isCustomApiConnection":false}},"databaseReferences":{"default.cds":{"databaseDetails":{"referenceType":"Environmental","environmentName":"default.cds"},"dataSources":{"Device Orders":{"entitySetName":"crf4d_deviceorders","logicalName":"crf4d_deviceorder"}}}},"almMode":"Environment","performanceOptimizationEnabled":false,"canConsumeAppPass":true},"isAppComponentLibrary":false,"appComponents":[]}}