{"schemaVersion":"1.0","appDefinitionTemplate":{"id":"/providers/Microsoft.PowerApps/apps/","type":"Microsoft.PowerApps/apps","tags":{"minimumRequiredApiVersion":"2.2.0"},"properties":{"appVersion":"2019-11-27T20:00:06Z","lifeCycleId":"Published","createdByClientVersion":{"major":3,"minor":19111,"build":33,"revision":0,"majorRevision":0,"minorRevision":0},"minClientVersion":{"major":3,"minor":19111,"build":33,"revision":0,"majorRevision":0,"minorRevision":0},"backgroundColor":"rgba(0, 176, 240, 1)","backgroundImageUri":"/15557972787129133882/Nc1edc212-a90a-4d31-baa8-2af3086403b1-logoSmallFile","displayName":"Device Ordering App","description":"","commitMessage":"","appUris":{"documentUri":{"value":"/15557972787129133882/N5d068807-755c-4df7-a947-7c500b6c699f-document.msapp","readonlyValue":"/15557972787129133882/N5d068807-755c-4df7-a947-7c500b6c699f-document.msapp"},"imageUris":[]},"createdTime":"0001-01-01T00:00:00Z","lastModifiedTime":"0001-01-01T00:00:00Z","sharedGroupsCount":0,"sharedUsersCount":0,"icons":{"smallIconUri":"/15557972787129133882/Ne90b8ecc-4bf0-4dab-a732-0244d1ced0e7-small.png","mediumIconUri":"/15557972787129133882/Neaf2b846-3684-4ce1-9452-d2e8fea6690a-medium.png","largeIconUri":"/15557972787129133882/N75b340a0-e8c4-4ed5-a9cb-7f753b5a4400-large.png","wideIconUri":"/15557972787129133882/N8f9571d9-9990-4d07-9d9e-aedd333cf578-wide.png"},"connectionReferences":{"c3db1044-c475-4b85-b76a-ef3b6ebb411f":{"id":"f1c2f942-6ee5-469f-96be-5f1a2e062ca5","displayName":"Office 365 Users","iconUri":"https://connectoricons-prod.azureedge.net/office365users/icon_1.0.1258.1715.png","dataSources":["Office365Users"],"dependencies":[],"dependents":[],"parameterHints":{},"isOnPremiseConnection":false,"bypassConsent":false,"dataSets":{},"apiTier":"Standard","isCustomApiConnection":false}},"databaseReferences":{"default.cds":{"databaseDetails":{"referenceType":"Environmental","environmentName":"default.cds"},"dataSources":{"Device Orders":{"entitySetName":"crf4d_deviceorders","logicalName":"crf4d_deviceorder"}}}},"almMode":"Environment","performanceOptimizationEnabled":false,"canConsumeAppPass":true},"isAppComponentLibrary":false,"appComponents":[]}}