{"schemaVersion":"1.0","appDefinitionTemplate":{"id":"/providers/Microsoft.PowerApps/apps/","type":"Microsoft.PowerApps/apps","tags":{"minimumRequiredApiVersion":"2.2.0"},"properties":{"appVersion":"2018-03-08T18:20:41Z","lifeCycleId":"Published","createdByClientVersion":{"major":2,"minor":0,"build":803,"revision":0,"majorRevision":0,"minorRevision":0},"minClientVersion":{"major":2,"minor":0,"build":803,"revision":0,"majorRevision":0,"minorRevision":0},"backgroundColor":"rgba(0, 176, 240, 1)","backgroundImageUri":"/7048598228510089044/Nd83fb2c9-f712-4da6-902f-81eed90d0ca8-logoSmallFile","displayName":"Device Ordering App","description":"","appUris":{"documentUri":{"value":"/7048598228510089044/Ndb940e90-2550-4823-b539-a8f718ce4734-document.msapp","readonlyValue":"/7048598228510089044/Ndb940e90-2550-4823-b539-a8f718ce4734-document.msapp"},"imageUris":[]},"createdTime":"0001-01-01T00:00:00Z","lastModifiedTime":"0001-01-01T00:00:00Z","sharedGroupsCount":0,"sharedUsersCount":0,"icons":{"smallIconUri":"/7048598228510089044/Nd8b1a126-8a53-46c3-af71-b3e82375bc6e-small.png","mediumIconUri":"/7048598228510089044/N0449e849-0ccd-45e4-98c1-11d24e71b253-medium.png","largeIconUri":"/7048598228510089044/N25a370d0-dd2e-45bb-93c7-7587fd69e8a1-large.png","wideIconUri":"/7048598228510089044/Nd2816cac-bf63-4d58-8d6e-f999a7bbab40-wide.png"},"connectionReferences":{},"entityReferences":{}}}}