{"schemaVersion":"1.0","appDefinitionTemplate":{"id":"/providers/Microsoft.PowerApps/apps/","type":"Microsoft.PowerApps/apps","tags":{"primaryDeviceWidth":"640","primaryDeviceHeight":"1136","sienaVersion":"20200302T153329Z-3.20022.19.0","deviceCapabilities":"","supportsPortrait":"true","supportsLandscape":"false","primaryFormFactor":"Phone","publisherVersion":"3.20022.19","minimumRequiredApiVersion":"2.2.0","hasComponent":"false","hasUnlockedComponent":"false"},"properties":{"appVersion":"2020-03-02T15:33:29Z","lifeCycleId":"Published","createdByClientVersion":{"major":3,"minor":20022,"build":19,"revision":0,"majorRevision":0,"minorRevision":0},"minClientVersion":{"major":3,"minor":20022,"build":19,"revision":0,"majorRevision":0,"minorRevision":0},"backgroundColor":"rgba(0, 176, 240, 1)","backgroundImageUri":"/16205155164487932000/Ne3b2f242-2f8d-420d-821d-3df02b21bebf-logoSmallFile","displayName":"Absence Helper","description":"","commitMessage":"","appUris":{"documentUri":{"value":"/16205155164487932000/N2adfba30-bca6-4082-8102-e1adfe87d407-document.msapp","readonlyValue":"/16205155164487932000/N2adfba30-bca6-4082-8102-e1adfe87d407-document.msapp"},"imageUris":[]},"createdTime":"0001-01-01T00:00:00Z","lastModifiedTime":"0001-01-01T00:00:00Z","sharedGroupsCount":0,"sharedUsersCount":0,"icons":{"smallIconUri":"/16205155164487932000/N57e59bb8-20cf-45e1-a039-22450d15d50a-small.png","mediumIconUri":"/16205155164487932000/Na6b6a79e-7860-4d81-a1b5-2481eb0b75b8-medium.png","largeIconUri":"/16205155164487932000/Na02631a2-7ee7-40eb-96c6-cdb14138ede0-large.png","wideIconUri":"/16205155164487932000/N7b4ad5b6-4eae-488c-b8a0-4d7ade104282-wide.png"},"connectionReferences":{},"databaseReferences":{},"almMode":"Environment","performanceOptimizationEnabled":false,"canConsumeAppPass":true},"isAppComponentLibrary":false,"appComponents":[]}}