{"schemaVersion":"1.0","appDefinitionTemplate":{"id":"/providers/Microsoft.PowerApps/apps/","type":"Microsoft.PowerApps/apps","tags":{"minimumRequiredApiVersion":"2.2.0"},"properties":{"appVersion":"2019-11-25T20:01:47Z","lifeCycleId":"Published","createdByClientVersion":{"major":3,"minor":19111,"build":33,"revision":0,"majorRevision":0,"minorRevision":0},"minClientVersion":{"major":3,"minor":19111,"build":33,"revision":0,"majorRevision":0,"minorRevision":0},"backgroundColor":"rgba(0, 176, 240, 1)","backgroundImageUri":"/15557972787129133882/Nc8b56d47-4861-432a-8364-34db59e0f9a9-logoSmallFile","displayName":"Device Ordering App","description":"","commitMessage":"","appUris":{"documentUri":{"value":"/15557972787129133882/N8a99eee4-44fa-4226-8913-ed25530cd204-document.msapp","readonlyValue":"/15557972787129133882/N8a99eee4-44fa-4226-8913-ed25530cd204-document.msapp"},"imageUris":[]},"createdTime":"0001-01-01T00:00:00Z","lastModifiedTime":"0001-01-01T00:00:00Z","sharedGroupsCount":0,"sharedUsersCount":0,"icons":{"smallIconUri":"/15557972787129133882/Na70853d1-46fe-4b3f-94d2-37ee942180b2-small.png","mediumIconUri":"/15557972787129133882/Nb7c477ba-0253-44af-8a11-a4d1364bf89a-medium.png","largeIconUri":"/15557972787129133882/N01839491-3c9e-41d4-89c4-38921240357e-large.png","wideIconUri":"/15557972787129133882/Nc7621a95-3eb9-42a7-a40e-0c2bba7408ee-wide.png"},"connectionReferences":{},"databaseReferences":{},"almMode":"Environment","performanceOptimizationEnabled":false,"canConsumeAppPass":true},"isAppComponentLibrary":false,"appComponents":[]}}